变量名,level,hp,mp1,initMp1,hpRecover,mp1Recover,mp2Recover,damage,specialDamage,defence,specialDefence,defenceIgnore,specialDefenceIgnore,strike,strikeDamage,strikeResistance,block,breakBlock,blockPower,damageAdd,damageSub,physicalDamageAdd,physicalDamageSub,specialDamageAdd,specialDamageSub,ultimateAdd,ultimateSub,damageDeepen,controlPer,immuneControl,pvpDamageAdd,pvpDamageSub,damageReduce,speed,dodge,hit,suckBlood,rebound,cure,natureRestraint
默认值,0,0,1000,0,0,0,0,0,0,0,0,0,0,0,0,0,0,0,0,0,0,0,0,0,0,0,0,0,0,0,0,0,0,0,0,0,0,0,0,0
ID,等级,HP,MP1,initMp1,HP回复,MP1回复,预留,物理攻击,特殊攻击,物理防御力,特殊防御力,物理防御忽视,特殊防御忽视,会心一击,会心一击伤害,会心一击抗性,格挡等级10000,破格挡等级10000,格挡强度10000,伤害加成10000,伤害减免10000,物理攻击伤害加成,物理攻击伤害减免,特殊攻击伤害加成,特殊攻击伤害减免,大招伤害加成,大招伤害抗性,伤害加深,控制率,免疫控制率,pvp伤害加成,pvp伤害减免,伤害降低,先手值,闪避,命中,吸血,反弹,治疗效果,属性克制
1,0,0.085,0,0,0,0,0,0.215,0.215,0.215,0.215,0,0,0.000015,0.00001,0.000005,0.000015,0.00001,0.000005,0.00006,0.00006,0.00003,0.00003,0.00003,0.00003,0.00002,0.00002,0,0.00002,0.00002,0.00003,0.00003,0,0.425,0.00002,0.00002,0.00002,0.00002,0.00002,0.00002
2,0,0.085,0,0,0,0,0,0,0.425,0.215,0.215,0,0,0.000015,0.00001,0.000005,0.000015,0.00001,0.000005,0.00006,0.00006,0.00003,0.00003,0.00003,0.00003,0.00002,0.00002,0,0.00002,0.00002,0.00003,0.00003,0,0.425,0.00002,0.00002,0.00002,0.00002,0.00002,0.00002
3,0,0.085,0,0,0,0,0,0.215,0.215,0.215,0.215,0,0,0.000015,0.00001,0.000005,0.000015,0.00001,0.000005,0.00006,0.00006,0.00003,0.00003,0.00003,0.00003,0.00002,0.00002,0,0.00002,0.00002,0.00003,0.00003,0,0.425,0.00002,0.00002,0.00002,0.00002,0.00002,0.00002
